device,true_m,reference,mae_raw,mae_kalman,mae_full
Beacon-like,0.5,calibrated,0.4603059222029723,0.45,0.45
Beacon-like,1.0,calibrated,0.7321186775657347,0.4757302433371193,0.7229880509549567
Beacon-like,2.0,calibrated,0.7833582199963787,0.4821118099677049,0.1766093605385675
Beacon-like,3.0,calibrated,0.9320404408096138,0.5477926904499082,0.1628793544305917
Beacon-like,4.0,calibrated,1.2421948188820262,0.951197805451141,0.4375419051348118
Watch-like,0.5,calibrated,0.46288383461612065,0.45189576194018605,0.45
Watch-like,1.0,calibrated,0.6499439775656015,0.5222935139555107,0.300627779561769
Watch-like,2.0,calibrated,0.7036191913711937,0.42061098700521116,0.1845629976892685
Watch-like,3.0,calibrated,0.889302126496829,0.5446917338721424,0.25980018961947804
Watch-like,4.0,calibrated,1.2877693039073441,0.6638409914112462,0.3274422612177204
iPhone-like,0.5,calibrated,0.4755862939074398,0.4568612812470065,0.45
iPhone-like,1.0,calibrated,0.7267801646847967,0.714909420825642,0.7420380824728119
iPhone-like,2.0,calibrated,0.5062149546300572,0.28831850669540837,0.14173880767660094
iPhone-like,3.0,calibrated,1.0971209775577098,0.7527760114826008,0.21290721548818028
iPhone-like,4.0,calibrated,1.3645764269933296,0.8328734086373722,0.7043609590076663
